Data 1,Data 2,Statistic,P-Value
baseline,heuristic 1,0.9574006874342096,0.33865689971888724
baseline,heuristic 2,2.3068877096355727,0.021465598908345575
heuristic 1,heuristic 2,0.9268351499333557,0.3544690938892877
