Algorithm,Unique Solution Prefilled Values,Multi Solution Prefilled Values,T-Value,P-Value
Baseline,18,4,-2.474504182846422,0.013764869570224532
Baseline,18,9,-0.27765728612858703,0.7814475373639804
Baseline,18,15,0.6909526688105707,0.4903043678347292
Heuristic 1,18,4,-0.5007253559462657,0.6168517589957745
Heuristic 1,18,9,2.0051927236324047,0.046257180276493344
Heuristic 1,18,15,-1.616438013461951,0.10760131387183008
Heuristic 2,18,4,-0.9086066261634758,0.36414995989208376
Heuristic 2,18,9,1.7159517677305685,0.08765979104327863
Heuristic 2,18,15,-1.3152595039155177,0.1899242861347538
